"","PC1","PC2","PC3"
"1001",-12.0245458916871,0.349159659742296,0.997673178044672
"1022",-12.7894791908807,0.341104410031075,0.781859917453303
"1024",-12.8707580156423,0.503934414656169,2.06410382231821
"1029",-7.85992320213599,-0.350808232339994,0.394594596817031
"1050",-10.8885519051191,0.0566648070732193,-2.33184658053517
"1052",-13.058636710996,-0.0665512065556712,2.955028983609
"1055",-10.7409305644552,0.0377739025701345,0.404657022692708
"1058",-10.9211830780393,0.123235619446725,2.10121573062041
"1060",-4.49680777508333,0.539432402923438,-10.859136942737
"1066",-1.29038530269658,0.269604634477213,-9.46607529889474
"1070",-3.33530299720326,0.520439217778059,-9.26424177562348
"1074",-0.18564305825565,2.58525780695302,-5.24883489266715
"1077",-9.38045688355973,-0.0293388870329019,0.786798693111668
"1098",-12.3962130998973,0.381390097492031,1.1518570951055
"1102",-10.8215801559674,0.578332612174337,1.34454850953115
"1105",-11.2141769817491,0.182521134618639,1.94981699970322
"1118",-11.8751930229369,-0.852190946589453,2.49819755493282
"1119",-10.9732097121786,-0.135718768411721,1.65807073040585
"1121",-13.2211963643494,-0.251129351084763,2.32736573826317
"1132",-10.847409118518,-0.224874275416082,2.77031578860301
"1136",-12.381382171298,0.164281836788398,3.35778163682264
"1137",-11.957806569746,0.0407841152208148,2.72449609349199
"1148",-12.3305721090663,-0.635875421837567,2.08849197650514
"1151",-11.0214787245233,0.931958989122455,1.53215468375804
"1154",-11.5699510543938,0.877402045669792,0.154155495315858
"1166",-7.86991562812449,0.559129957927927,-7.85809394693455
"1192",-11.550820251241,-0.0768972830352004,1.63631932028153
"1194",-6.95664804984938,-0.0335527150822606,-6.42588086176414
"1198",-6.25713408990445,0.250586688530914,-10.746667072336
"1206",-8.48104478174695,0.380641344594256,-3.32066194950256
"1219",-12.0219554215317,0.382403918387429,-1.38776789741977
"1220",-10.7584540802351,0.0294872498784243,0.654070414667571
"1227",-10.550061170758,-0.461813421197163,1.2597805262957
"1233",-11.2752299095091,-0.831861694766531,1.93612485783349
"1247",-10.0959488949985,-0.501168752308635,0.0884268314933625
"1252",-10.2933393396938,-0.589131161488966,2.83586145292924
"1258",-10.4445244582004,-0.1023787971893,1.29196099549202
"1275",-10.4461789779219,0.395979792167342,1.18614887523397
"1290",-11.1619009288443,-0.165850064835318,-0.687917875340763
"1292",-11.4779131796718,-0.550290554488153,-0.292302216987885
"1296",-11.2350102506573,0.063847071767014,0.604056387734217
"1304",-10.3488935038321,-0.88353620129253,3.19663558991463
"1310",-11.3202974718238,-0.55357489471103,2.113671654262
"1317",-11.5375535041956,-0.611430070007239,2.59510153612218
"1318",-10.9124657761076,0.178518667278359,3.75861206800937
"1325",-10.861927879574,0.3600340689364,0.362983708648613
"1344",-12.4125289955424,0.464864448015381,-0.627113812841498
"1346",-9.81540063463989,-0.272879894285096,-5.15325894407032
"1363",-11.1298856189734,-0.358675433911634,-1.70580696778082
"1366",-10.7585672634108,-0.248890461244687,6.09057021852507
"1369",-13.046493453291,-0.187354348737768,1.77099312871679
"1379",-9.71959060000907,-0.339672061455506,-1.37650717626547
"1383",-9.18396156422376,0.0798310182791253,-0.656135333927267
"1390",-9.6086204385327,0.230559294767647,-8.37757491230873
"1392",-8.87501780220558,-0.0538134055244747,-3.92693743963851
"1394",-10.1372525813912,0.153249993933472,1.68395247338212
"1397-1",-9.27893657756948,-0.024115104934716,-0.727883841432256
"1397-2",-10.7803963524521,0.109592701001233,-0.585582640225617
"1398",-12.4201405635755,0.35915266159934,1.96434671858692
"15404",-11.4495050234429,-0.58064688794245,1.96600294321142
"15436",-9.32834880311801,0.315376651535284,2.13998768003382
"15451",-12.1313389695562,-0.501464461645174,1.1929165564611
"15453",-11.5505429641294,-0.363384717042038,2.83322797135164
"15468",-12.507267600961,0.0679892002741313,1.8190240644962
"15474",-11.0016576202948,0.303727913529981,1.50132287444805
"15501",-8.41186428113711,-0.679793003507588,3.63511785922609
"15517",-12.4636366328004,-0.103338825936469,3.72834194345036
"15530",-9.46331343303461,0.579204644713076,-10.2187788830535
"15538",-10.3054407418541,0.419475333154023,-6.19174027737709
"15543",-11.0729273061987,-0.53306228439394,0.740046576118648
"15547",-13.8110416587773,-0.153554058647291,1.66298974481352
"15559",-7.10575855370857,0.564917901561465,2.2711735172035
"15563",-12.5617738639462,0.205447877038685,2.19628074418606
"15614",-11.8534174560103,-0.397218763418466,2.55842247454363
"15649",-13.0976050793756,0.493791498109868,2.61379561533934
"15652",-8.57735562588276,0.182969622043402,2.52736129653404
"15658",-11.126557948468,0.384643706223522,2.33715187256646
"15659",-11.2366266902022,0.0331042249824158,1.40235424322968
"15686",-12.3900622145743,0.0850339583600306,2.86662405655899
"15696",-11.0281257578461,0.0346961484800816,0.804875025459711
"15754",-11.2313681260289,0.00793422314560619,1.75912499648676
"15796",-10.2857376038432,0.13827364648906,-3.02739212621111
"15829",-9.9262652752411,0.0683766140796312,3.12656389116454
"15848",-9.66192159267022,-0.0899504402797175,0.1455555608483
"15887",-10.9651213267239,0.37570990891093,0.0510154676341867
"15925",-8.68090253575709,0.181372340561935,-1.81525503487954
"15935",-11.2019249865822,0.0602500798073678,2.06096551349602
"15938",-12.8231956053055,-0.727048335197063,2.52009632597772
"15939",-9.38449388602074,-0.588406167681569,3.21269896137603
"15944",-10.0565243303113,-0.773761839682474,4.11069798873045
"16040",-10.5712845966725,-0.234497894337439,1.61040570561492
"16305",-9.97976782107648,-0.481541723294926,2.89446312268599
"16311",-11.1929030907415,-0.0929171749911921,1.76443320220861
"16312",-12.0362191492427,-0.799188079267394,0.297655016386197
"16332",-12.0601673205672,-0.337325701479113,1.59738763652689
"16342",-10.9550471142706,0.445154971582797,0.669703355552159
"16350",-8.33142620729686,-0.27792059512464,-0.19123818872704
"16352",-9.35497912731616,0.447897286142755,1.92795045775005
"16406",-12.5639669388644,-0.238980995231618,1.30219589899219
"16415",-13.3700424422663,-0.133273441281407,1.90337911957193
"16424",-11.5601592232545,0.138253678182073,0.928813814800978
"16452",-11.0272861047444,-0.768003881583513,1.85877646117793
"16454",-11.4169658998259,-0.301444457983085,1.47771243541404
"16456",-12.0183708391821,1.30667925138008,1.13749860067042
"16472",-11.3737570234547,-0.0795887018783662,3.31187184324431
"16481",-11.52695609113,-0.624082331572505,2.03875045982588
"16701",-12.2291119708593,0.696574017296586,2.72936275023924
"16707",-11.063844750892,-0.346714218851976,1.61604597835493
"18102",21.3352749143001,-2.12647544419633,0.768663664022173
"18111",19.3906192070857,-0.381609387453822,0.321915936885499
"18117",20.5513603535061,2.06078877586607,0.827559763263475
"18125",19.7381107647197,-1.43383631602538,-0.60990118978879
"18127",22.706208906628,-2.36244791578833,-1.01340506246084
"18136",19.766431740144,-0.268207354411834,1.182458873081
"18147",22.7480018222413,-1.98797749758258,0.0858637207601041
"18159",20.5258235349176,0.170518650382759,-0.0856526485347739
"18164",21.9497494029667,-1.69993132012766,1.00415282818733
"18193",24.0723422507912,40.6884821757714,1.88669894330437
"18201",21.5220107962186,-2.15422692447464,0.207989338378524
"18202",20.7002670448604,-0.0492004225225981,0.760078949388872
"18209",21.3166028011919,-0.116876937417499,0.24152759113143
"18224",21.2123393397134,-0.430638817125579,-0.190960059828266
"18227",21.7724115378459,0.135838082350637,0.97148823047332
"18233",21.7902893607009,-0.976292334968916,0.960503538223903
"18239",22.4845854112502,-1.42171583930844,1.07706439407862
"18243",21.6972232837228,-1.51674552878281,1.18354550356411
"18256",21.8274135604813,-0.647155052978408,0.590035391553545
"18257",21.6629646927885,-1.1402434006684,0.136199891488383
"18267",15.0324086772254,-0.849853665720255,3.74054748291644
"18271",21.857451741542,-2.35269401417031,0.543811604235081
"18275",22.8103657935903,-0.761370429093977,-0.204971603025274
"18276",21.2412453813765,-0.795617346525654,-0.489225957654955
"18278",20.9515267071762,-1.66217255311717,-0.354491840703495
"18287",19.9602452914456,-0.451875957238979,1.52309160986304
"18288",23.0896383069046,-0.479661186484948,-0.185044827411875
"18295",24.2732796805932,39.9050395478533,1.54712228639499
"18296",20.6128819341337,-0.597918176801824,0.203031141851956
"18340",21.5931910817404,-1.98408265173815,-1.0413421013535
"18342",21.7142190544641,-0.810841610504674,1.26385730994847
"18354",19.9449681582243,-1.4770959488213,-1.250962632325
"18360",22.4198593422583,-0.88050753272312,1.38793654922868
"18380",21.2017932613177,-0.347745245725337,1.79320156426709
"18385",22.4623712780916,-0.370840004014743,-0.128122645140072
"18386",22.5073544539984,3.07765793818067,0.0393090012250573
"18394",24.5952970887326,41.0579033101291,1.71554930079283
"18410",21.5417284106196,1.66324168074075,0.717708275982078
"18421",21.5219607862237,0.0298453087004405,-0.0321964900443507
"18431",22.3460351482381,0.616384347180708,0.0408516152762447
"18435",22.1806049799479,-1.86388151442045,-0.223519014975501
"18438",22.2683005419006,-0.303618792769672,0.573188999919099
"18447",22.1990153076936,-0.265754783692141,-0.390499265357429
"18454",21.0076763898332,0.252966653577564,1.60409943701781
"18460",22.5302344866026,-2.46469248361105,-0.552080206732712
"18462",21.933609398645,-1.87434002845227,0.641616016303503
"18466",20.662479386418,-1.53189134656469,-0.3034295175041
"18469",17.6864822498681,0.462102844178756,-4.42092074108918
"18478",21.5556634187604,-1.52330309545863,0.125770182007612
"18479",18.0581059723664,3.24486716335362,-6.54385446335428
"18483",22.7015168774158,-0.22561082377782,0.393669055742885
"18485",20.9152858232248,-1.78670751874133,1.0508532415478
"18486",20.5708379156924,7.11878419782518,-1.43717778474575
"18489",22.2883267692717,-1.22263820919528,0.564663276988641
"18494-1",21.4050749805397,-0.990402045736008,-0.696988790855702
"18494-2",22.4140162852795,0.00253423941525512,0.68805481149278
"18497",22.6878964373786,-0.081189955822763,0.712165625230734
"19213",22.4151400184737,-3.61186071706676,1.58854082118133
"19214",21.7849394229441,-0.771638704216373,0.616107089765845
"19217",23.4797848795976,-3.15966932049976,0.442250640124651
"19218",22.4111423400517,-0.992390914412196,-0.011813876669674
"19257",21.4835422704208,2.23870647752655,0.705799422395813
"19270",22.7881987824463,-2.83922384955126,0.56641026391812
"19277",22.9593606799416,-2.49647992347542,1.41490857629758
"19289-R",23.6785004001775,-1.98571643685962,0.322567875458741
"19308",22.3400323065393,-2.88993057265582,0.404768369554676
"19321-R",22.4980321844258,-2.46029353179527,0.303757160385722
"19324",21.878867363616,-0.722397007935936,0.813537985368408
"19333",4.39446709997832,0.794107308862134,-5.16631525912547
"19351",22.5688976421575,-2.38694689512679,0.685952110841711
"19355",22.1125304604683,0.329729958821966,-0.766377970187263
"19400",22.2933105541164,-0.269190725424897,0.573974665649124
"19429",22.3933029004244,-0.771757897730793,-0.105759908820928
"19430",22.7008423287448,-2.16087285508633,-0.471287364039431
"19451",22.4058718975607,2.06716862722004,0.784341002219037
"19453-R",22.2401664752176,-1.22235448588774,-1.3003927726276
"19460-R",23.1075145289781,-2.69482446803998,-0.411367270883213
"19474-R",22.3943867918795,-0.319445408612896,0.533526071272341
"19477-R",22.5832345211129,-0.642669687550307,0.967817098338193
"19481-R",22.9595264122233,-2.2778820365356,-0.548443304044714
"19484",21.4333061141389,0.526228769696468,-0.431237698754359
"19486",22.1737462873633,-1.15105849715939,0.417985624797191
"19490",22.2591479001709,-1.86664619751689,0.660934948375257
"19495",21.9449141540012,-1.43897028883756,0.617795391082771
"19503",19.9722085876346,-0.577942648982404,0.694212522837795
"19525",22.5266980938133,0.276251864533562,0.069652789532109
"19541",21.8454101630338,-0.723651701677414,0.0124270393355458
"19545-R",23.6159208442348,-1.43266707661421,0.711916150182735
"19547-R",21.5817481305436,-1.21290830669699,0.238444894521502
"19550-R",21.7328419346869,-1.27787807784835,0.644831473189702
"19570-R",23.4055103903263,-1.33845382269985,1.54971154196103
"19599-R",21.8620692942406,0.355721878128457,0.719788709922872
"19604",19.3175520433644,-1.49401085077995,1.04247382595645
"19607",21.5884690257393,-0.501897826712235,0.312958654222826
"19617",22.4791023015968,0.371628195033322,1.18123069833861
"19629",22.4609564211348,-0.130634830239554,-0.064987572534256
"19650",22.6993252096662,-0.52015705402734,-0.0130428851783698
"19683",22.1428195755656,-1.59346832104227,0.467126314048627
"19702",22.3885739481008,-3.26354210052863,-0.280588282940865
"19707-R",20.8836821700625,1.18619760923104,1.0984887935844
"19722-R",22.2470601320458,-2.28828337600542,0.353961958938635
"19730-R",22.8398905835458,-3.09860276669044,-0.708984003050304
"19741-R",23.9264245008756,0.125782047697885,0.342440525959981
"19744-R",22.1211591433714,-1.72253138228663,-0.622674910290926
"19760",21.8272360217698,0.497121258465842,-0.125867558101155
"19772",21.1525855372571,-1.12462365344194,0.144432066238971
"19795",20.4448715963271,-0.707747803667589,1.35992361885651
"219207",-9.5701397373621,0.645852532163395,-11.7439601207137
"219218",-11.816132481535,0.306929022738803,-2.38401577717905
"219233",-12.2538074871443,0.157176850638292,2.06981526966968
"219283",-11.6281670515275,0.0863229460214553,0.692241576740676
"219286",-9.46235276534015,0.441723791484905,-6.9756908778194
"219297",-9.71672010623725,0.126561091666908,-8.32571442950053
"219298",-10.3833799707537,0.0988440366392357,-6.6553080599167
"219302",-9.34138006429091,0.70650295361908,-10.999514063195
"219348",-9.71377609901357,0.771732360032542,-10.7460930490977
"219360",-9.51639563788383,0.469406346749197,-12.1904868602841
"219368",-9.77779013083297,0.492175526763322,-10.5209916598028
"219374",-9.35130539137098,0.396913296694081,-6.93729271314961
"219379",-11.9268800898429,0.0804236919798814,2.28938149085979
"219384",-11.0422521968818,-0.122115963690657,1.40759516813388
"219394",-10.659885892836,0.209291056942783,-0.762277519354172
"219398",-10.4424447207419,0.448682565305723,-5.7616922459551
"219416",-9.83376202102644,0.416460644987845,-7.74420254844217
"219421",-9.01566779587759,0.277287451477911,-11.5057865422834
"219455",-9.66676882744788,0.363085773748186,-7.07927302223129
"219459",-9.56226815212639,0.48656225386696,-12.1286839195163
"219469",-9.32661892540179,0.579871938123044,-13.3375497961429
"219479",-9.37669962177531,0.836735889743877,-12.3924626785959
"219485",-8.73295227958178,0.53088119943196,-12.6785163314414
"219532",-10.7559388886272,0.0134394886492139,-5.22927057192885
"219568",-11.1594351676698,0.014120468610003,-1.12565400129048
"219583",-10.5919274411573,0.472532653607702,-3.57581457450214
"219615",-10.7399698195033,0.251822675663966,-1.69086258530883
"219616-BU",-11.2207056357768,0.000568033821139306,0.878154850925944
"219624",-10.50091732998,0.135236845688832,-1.27439836598648
"219665",-8.91161894090861,0.491475361104567,-9.53401486868895
"219688",-9.83979661633972,0.283764481889347,-8.95946836920491
"219707",-9.23112309190157,0.370542185987463,-10.68696323714
"219732",-9.04092477150474,0.15919829151096,-9.2277535408998
"219756",-10.3494331908114,0.151253268566338,-1.52653186081149
"219782",-10.9982556783056,-0.36336934035355,-0.500374775761731
"219836",-11.2375569113214,-0.351421379818289,-3.83825756603594
"219864",-11.4557501749712,-0.313016940986656,-1.9200770975002
"219895",-11.2749804002587,0.189115798543475,0.218531694074372
"219896",-11.6499489144823,-0.031965636590508,2.71855569092586
"221402",22.7369977496444,-1.48662774589737,1.07988049682998
"221434",-12.9513465969718,-0.204116810808162,1.36317400042804
"221447",21.4601411256168,-2.02194047080904,-0.405001259400523
"221453",22.0566395742168,-0.107186124705865,0.417885836089045
"221488",21.2282190090719,-1.62179111465964,0.41741389388406
"221523",22.1039255624192,0.0901958532303365,0.970760205748921
"221541",23.1683310792717,-0.793485947555007,-0.279207319770235
"223011",21.9799586556021,-2.10033759889156,0.0534671032729907
"223016",20.3112379931255,-2.77093000453129,-0.758745105475162
"223041",22.191965889367,-0.803380099207308,0.885317299740283
"223059",22.6562632960965,-2.40130059932975,0.907624413069294
"223128",22.3093567956848,-1.47611172905143,0.297971526162901
"223143",21.6177833626299,-1.49140862651354,-0.317473285065578
"223181",21.7452211570226,-2.10083197248158,-0.546264814995939
"223204",20.244715539276,-0.35751762571561,-1.13864333331995
"223206",21.933647954152,-1.87012137759323,-0.203583353562414
"223261",21.823702255416,-2.74161787366435,0.371518651224677
"223265",23.1953683034161,-0.03905484296524,0.0171997005997914
"223266",20.930506431262,-0.673820395857388,0.502517725410088
"223278",23.6649101875847,4.89817260161075,0.160348299076851
"223280",23.0131634309264,-0.273785097212329,0.00579816988766386
"223298",23.1886177955267,-2.01213588956336,-0.108985635378525
"223315",21.4747589550995,-0.960855382735596,0.767481713343211
"223320",21.8901790394713,-2.22565668544172,-0.536929392285307
"223328",23.4365002879781,-1.85177389316312,0.651549948155974
"223361",23.1098087066298,1.07008422526859,-0.39926622419362
"223390",21.3227043537194,-1.21902110538881,0.869963948729809
"223393",22.2389494191482,-1.37248823961261,0.330884441013893
"223394",21.5568968578804,-1.12747721628043,0.662626958290108
"223454",22.356556315807,1.91603154203102,0.119039892973845
"223499",21.1370766739202,-0.937086310253932,0.472109721046288
"223526",23.2535578152838,-2.42610904351246,0.952640642018244
"223625",22.4122091507781,-1.28050609635811,0.287548787229455
"223627",22.2177653618039,-0.96705861076495,0.952882777883612
"223636",22.5997230300843,-2.71212533701702,-0.628085551631508
"223648",21.9492084345999,-2.00711182391652,-0.230574679434501
"223670",22.8494264957242,-0.511684069332066,-1.25945776184465
"223677",22.2509922414466,-1.50164129886672,-0.374231681884801
"223686",23.0411447773924,-2.54341324487876,-0.54886877906574
"223692",22.3320875714296,-0.194896762117891,0.177235744007567
"223700",22.8283436428039,-0.0441582916558075,-0.0611702935011321
"223707",22.6321532804919,-1.31168286684054,0.061069031232495
"223723",23.3212212344406,0.641733491155319,0.660697222953826
"223734",19.7175965960777,-0.444399267670282,-2.03552529605997
"223762",22.5841908065912,-0.279903627157605,1.22292312266709
"223764",22.2987215437064,-1.43362902955069,0.753745775483515
"223767",21.7683449070005,-1.81976382411405,0.802451998519524
"223768",21.9575117640742,-0.630869077248522,-0.585927294449356
"223800",20.8247379213798,-2.12060276603433,-0.191077972863655
"223803",21.957160112704,-1.34130407274594,0.0997326509139129
"223805",20.9102521094796,-0.67365722541993,-0.0595143059223272
"223818",22.5285837692998,-1.93172164003948,0.163592567146371
"223831",-11.9078621716922,-0.298542568334435,0.652092631831382
"223847",22.9023708826298,-2.78636492881291,-0.109590747858741
"223848",15.9281129120588,-1.64736925834595,-1.21072494178307
"240005",-11.6102540554787,-0.727401024044404,1.62286140106091
"240018",-9.43152319178651,0.165806897563141,1.56929040415548
"240055",-9.58608686422546,0.115854131969864,-5.22925981150271
"240058",-9.0537944596489,0.333833330800627,-9.17336199769368
"240077",-9.53244653211314,0.0175165006414223,-8.29711171603272
"240081",-10.5692156401724,-0.197338425423768,-4.53588801378418
"240115",-9.09025813707952,0.500072810997865,-9.18058897358538
"240123-BU",-12.3114605519426,0.366044709037931,1.10451887399247
"240124",-10.8473350348712,0.193753935723223,-0.676268862064526
"240132",-10.7276368734033,0.250086591676397,-3.59683886186784
"240134",-12.2348439325379,0.0579624743008152,1.15043282388972
"240155",-9.47500249226827,-0.300271495262269,-3.65910220531048
"240163",-11.5281865007595,0.133467651710954,-2.96484539958821
"240168",-11.6761916567658,-0.046270088782748,-0.661191277101737
"240170",-10.9728478198891,-0.495209005281014,0.187865592780775
"240171",-10.2597137020547,-0.747673899170014,-4.04983256425337
"240182",-10.5544016191102,-0.148379090480135,-3.12467641015723
"240184",-9.87841258300004,-0.166812542138543,-7.57711512984766
"240192",-11.1732583368229,-0.134932956653332,-2.78948697897644
"240195",-9.96418236011069,-0.0203521992749152,-5.47193869990143
"240203",-9.73910139832929,0.193453961620227,-6.2609907733236
"240205",-9.95966770278943,-0.355701885573744,-3.92955024995725
"240206",-10.875409518057,-0.287888839440918,-4.88110756836486
"240207",-10.0238112828101,0.129610996197029,-7.18860770424576
"240208",-9.76577214498433,0.0896641228901681,-6.27613314067543
"240210",-10.1079301613017,0.378769354455234,-6.34946242466626
"240213",-10.882660812702,-0.599855459673137,0.582671481752365
"240214",-11.3603964190945,-0.636583620321737,0.851871909861983
"240220",-11.120091317591,0.386697650061789,-2.27251776907822
"240221",-10.4175020817421,-0.0935318191172543,-5.3367811169621
"240227",-9.97187632189777,0.378151867529026,-5.18541899549944
"240228",-10.1164288331809,-0.0463513183076674,-4.84523155917884
"240229",-10.9175452873094,0.0755759110205455,-4.29037700158414
"240230",-10.2430114236707,0.580764248438474,-7.2732064809832
"240231",-10.5208476299957,0.337235503362286,-6.18570947026392
"240233",-6.74801484115273,-0.259448311268109,-0.707659431888141
"240236",-10.3928552289644,-7.61951514449818e-05,-6.26791548013116
"240247",-10.6047886892484,0.134537775505652,-5.30837874391496
"240248",-10.88126708119,0.262069875315165,0.811411267076908
"240257",-11.5947779253926,-0.386005173537581,1.20582489887985
"240294",-11.5828584516561,0.186537477278965,-1.02974223215602
"240295",-9.99562298369479,0.181444940444755,-3.86947724482927
"240310",-11.3471297649146,-0.280089465792013,-1.39361766201312
"240363",-9.71737117496244,0.445285605941166,-8.0350274170103
"240367",-9.96011172475303,0.309917274449659,-8.66350560602399
"240380",-10.734046512693,0.356054544583334,-8.14321368552621
"240383",-9.83883778272515,0.0152134300985597,-9.72057934324271
"240387",-9.74582687923714,0.36926847476902,-7.37443414048976
"240405",-11.8527737743817,0.0735714840774816,-1.19212101778091
"240406",-11.6601657273221,0.145962656668432,2.34932030615804
"240407",-13.2963953811445,-0.329391105419623,1.0625699014812
"240416",-10.9066318235562,0.853097147939837,1.50793740716032
"240424",-8.43545303227654,0.0195926512421629,-8.48909437716786
"240425",-10.2011826083479,0.155346064463706,-7.44945411930648
"240430",-8.75280022438536,0.475855588294644,-12.3591267370671
"240440",-9.86916525518433,0.505703112777232,-9.49865856742531
"240443",-9.37882290903242,0.597442022427618,-9.86701256343966
"25208",-10.3544188461841,0.5072722602215,0.573428832061581
"25214",-11.8077888139281,-0.821805132937027,0.578800496349139
"25219",-11.4911479823122,-0.456049421646275,1.33855251008195
"25240",-11.5988711915581,-0.726382154585229,1.94529571945307
"25247",-7.74987347599154,0.541439163292294,-1.09962268370967
"25255",-13.3836167661421,-0.406277656580477,2.61507692234231
"25268",-11.038341834198,-0.375384673416689,1.48665748363393
"25286",-10.9243706915623,-0.306913845971901,1.87662679231068
"25292",-11.6519316468978,-0.10523062764135,1.21785808575147
"25296",-11.3632605020724,-0.291080975970592,2.24010603633088
"25300",22.6535211052321,-1.52475679099089,0.891974645830018
"25344",-12.9524766575897,-0.567001930746326,2.9775570163314
"25348",-10.337773874145,-0.647610058856477,0.962748285206122
"25383",-10.4947617214959,-0.991561787949598,1.42213750358458
"25385",-10.7189877588108,-0.771062824092544,1.24765883870764
"25391",-11.9454745003703,0.277808671920056,2.18888566456004
"25399",-11.7039455790767,0.234657311693261,3.15940267015561
"25408",-11.3423471490632,-0.0269748487985013,0.091714172498234
"25410",-11.0964785153424,0.569871980460634,1.30717788649825
"25420",-10.7973681562097,0.904487038502666,-0.644443462916535
"25430",-11.3879753559126,0.446337917166996,1.52454516183898
"25437",-13.0866235596555,0.624565830018038,0.564226661565242
"25445",-11.6951090717986,-0.448257924469844,1.80376934860253
"25454",-13.1476330013179,0.653770808432278,1.79054602644081
"25465",-9.93124444826094,-0.0976567143472196,4.42238410326985
"25488",-11.2978352835215,-0.641896196320316,0.820434281379184
"25511",-12.0959130952409,-0.527494874962192,2.20400661114661
"25513",-11.2150469333123,0.108976598625469,2.15214890080651
"25514",-12.6025573730636,-0.865294591282402,2.53634906607794
"25524",-10.806758875319,-0.495611090316511,1.54740935517556
"25525",-11.3240393072675,0.396368938846583,-0.508876186032363
"25545",-11.6515389474906,0.454200181541475,0.938520881154306
"25550",-11.9247361558905,-0.0144677092662778,1.50577193299915
"25555",-11.7132427360231,0.533437703052043,1.42306537582948
"25560",-11.177353241086,0.153478792595462,0.749264087142022
"25562",-13.3219565440526,0.463854607978247,0.85202943058132
"25572",-10.6898937288708,-0.143064834954939,1.33277070025534
"25575",-9.73067484654818,0.249983527492994,-7.68496004583463
"25586",-10.9273108098799,0.14416111176505,-3.79319947433116
"25587",-11.3080535498841,0.110579922298176,1.0267557425541
"25598",-10.8805984404442,0.0913037259799517,0.222455918057069
"25606",-11.4864940469758,0.112746533550904,0.355174055632644
"25620",-10.8617568687546,0.121127733400227,-0.956422311633371
"25622",-10.4825962613345,-1.08298231928299,1.32562051560841
"25646",-11.8465115688765,0.219408767499734,1.53627301919559
"25649",-13.1665628207159,0.123805706773819,2.15893212834776
"25653",-10.3703653503681,-0.260358232146944,1.00204304447011
"25663",-11.1015930342042,0.186133708891434,1.02659177950968
"25664",-11.2865748609167,0.0712186431996296,0.165561095314595
"25666",-9.42753034782011,0.624429925558855,-8.21138296122706
"25671",-9.72241321522903,0.282162191834528,-8.3424050108274
"25676",-11.4877622453569,0.176747977044145,-1.78727723424483
"25679",-11.2557165285677,0.0560672813702844,-0.0743543291513659
"326",15.7324364412862,-1.39036926322643,3.32463922795602
"328",18.7684455798157,-1.12625741040888,1.61438214285148
"334",20.0400464541822,-1.49979959901846,0.568719377765779
"335",18.9831352207842,-1.26172787044898,1.01638377015892
"343",22.1396877328741,-3.06001469346961,0.532508586832658
"3873",-8.18501519890664,-0.288410526507782,2.14055552283558
"3898",-10.0719074899083,0.0344072543699154,-1.66986693606089
"40410",19.6440516786617,0.190583464417706,2.55371246718978
"40412",22.707925301747,-2.36519982575845,0.28225545029648
"40510",21.9226909356386,0.924265477984948,1.13087124767894
"40514",21.3677823890137,-1.06568789990671,0.231446429985616
"40532-R",21.7277827339278,-1.12577315010966,1.13585239638603
"40566-R",21.9415387574103,-2.27936582072836,-0.190910855311799
"40577-R",23.096564748013,-0.23329776270347,0.660107146329864
"40579",22.9436083289795,-2.24314913394599,-1.21345851806627
"50139-R",-12.9325629374707,-0.237397390671003,1.94245400363938
"50165-R",-10.7602683014951,0.282196724175185,-0.457000806460816
"50173-R",-10.9967081468723,-0.0653681960933693,3.31639740118096
"50190",-12.4821054249638,0.0660472106762593,3.16450173065266
"50210",-13.139502804316,0.214774995418189,2.60974417882469
"51650",20.8357691337407,-2.33929309543769,-1.6370612777746
"51661",21.3453444447836,-1.37935000807571,0.743172229342875
"51662",21.8377987667519,0.374695120483916,1.70622023827607
"51665",19.7619851118746,-0.170941638449205,1.40606429461235
"51670",21.6677475572108,-2.13364317365593,1.13595840997252
"51801",21.8395155717729,-1.99846984678523,0.418481811538435
"51803",22.3150907157486,-0.71353901845384,0.643633543992495
"51804",19.2310349624286,-0.83039382412306,-3.45167021192912
"51815",17.8491695951635,-0.569702569622302,1.89506480623912
"51821",21.3180590926891,-1.33477467420885,0.168028318085308
"51842",21.3626586916097,-0.24662305965294,-0.470861028096621
"51843",19.2033416119426,-0.44129567536925,-2.78348988287048
"51855",21.9134429759175,-0.686539468257358,1.21809828741483
"51864",20.7070500682714,-0.0116623021242266,-0.573882376085214
"51867",21.1927952518636,-0.57537363313243,0.471397588982286
"51888",19.4980076662719,-0.519076740733467,-0.842600266945913
"51890",20.6550476013705,-1.10303276171353,-0.279244232151644
"54319-BU",-11.8777271090629,0.706768617560272,3.35184741587988
"54320",-10.0470200383832,0.438380488157725,-0.420641360870136
"54322",-11.9975283779401,0.386310646254602,2.34966785258703
"54341",-12.3697924135076,-0.115935251253199,2.35921728792792
"54344",-10.2989185532799,-0.606635201276742,1.74790212644015
"54346",-11.5397188932195,0.0161974516516367,1.80599608656312
"54348",-11.1416085476745,0.567478933673074,2.11562855344613
"54351",-9.93333377160646,-0.373045644167008,3.75650357667497
"54353",-11.9609548025643,-0.0281162284145189,2.21180842072748
"54363",-10.6921577906942,-0.600578513348346,1.50513304011273
"54364",-11.586976060921,-0.143838603400819,0.299883464163043
"54366",-11.2846395912507,0.271843974969947,-1.27874704190839
"54371",-11.9545709798739,-0.529884875421509,0.268616640379121
"54390",-10.2990374836855,-0.273225052245265,-5.49077934412737
"54401",-11.5094294609362,-0.851699828088512,2.60648969315742
"54403",-11.5038399426398,0.898924770004481,1.15560299155152
"54404-BU",-11.0640410716725,-0.290010850541164,2.57785790430493
"54420",-11.7075913374037,0.205811386232153,6.11195147466568
"54423",-10.376092749487,-1.015266014076,2.24138790728422
"54427",-10.3303318238873,0.654902185333385,0.320714410101976
"54428",-13.3071300818922,-0.464152173016539,1.29375343466027
"54432",-11.2369515986477,0.279665754396494,0.685218124104718
"54433",-11.7711481729472,0.0663466320412532,1.44510886282418
"54464",-10.3170504693993,0.0640310672722157,5.96480835922065
"54469",-11.6303576309412,0.279584628602636,1.73596007728737
"5602",-11.3184883507326,-0.326103661681124,0.59130590488021
"5605",-12.8486044285578,0.243165348626976,2.61453396440051
"5606",-11.4608554115463,-0.0304179236477703,1.98524926028111
"5630",-11.9144903357043,-0.154462412742172,3.47445096441868
"5643",-9.51969122107991,-0.123480027047527,-4.04992597013793
"5662",-12.3603996447913,0.282789075591276,2.16954258380356
"5664",-9.63240029644046,0.373759993288678,-4.87088828858033
"5675",-10.1655543841973,-0.0801032907193032,5.01772636834724
"5677",-11.356995323315,0.0640239793723325,2.60923203981311
"5679",-12.3652433341759,-0.548450698392161,2.94996171616358
"5690",-10.0370698200146,-0.295733570415009,-5.60746502889707
"5706",-11.7603808644257,0.388102337514806,2.30894351352294
"5722",-11.607271283656,-0.35809603681846,3.00521483634884
"5724",-12.8951701812474,-0.399847198370012,2.67369188833156
"5726",-9.88217244085703,-0.0372365171540712,3.52693570181332
"5731",-11.1903320136875,-0.570095723763774,3.10604458866904
"5735",-12.9333626613503,0.879265744039658,2.22359287968049
"5752",-10.5266541892992,-0.71788648532767,3.06737119816716
"5758",-10.3246949771591,-0.162448985006505,1.40794210697091
"5759",-12.6362986881512,0.18310034478395,3.04012529498242
"5779",-11.648777270002,-0.563615735798126,2.77540625419623
"5781",-12.8603016498407,0.996157512711408,2.03436052805713
"5792",-12.1697556780391,0.117966899913454,1.95441823291742
"5802",-12.7448511622659,1.38351500351021,3.0223503349522
"5811",-13.0374663685803,0.0723255351893316,3.30874493112857
"5815",-12.2568622608478,-0.333389697366149,1.10029593284054
"5824",-11.6511110673505,-0.210219727056854,0.743356389276768
"5829-R",-11.0459909310433,-0.0765410733318567,0.270252216678128
"5830-1",-13.4571599517241,0.502791714536593,2.67364316734403
"5830-2",-12.1979134035709,0.631005802455904,0.950885935023177
"5838",-10.2175978183554,0.302993736947543,1.96640122390946
"5842",-12.4171580382369,1.11225534622681,1.30786855574505
"5846",-11.8604073699692,-0.025824481385492,1.79283885436734
"5866",-11.6657072920175,-0.0916849254791189,2.13032472514792
"5897",-10.0319067963021,-0.540631080914046,2.26050277119725
"5907",-12.3245595434002,-0.203926683329766,2.48910816244406
"5942-R",-8.21559170949694,-0.364864668257169,4.20300555476853
"59459",-12.4742713683832,0.0547068900563083,0.174370344243823
"5950",-12.2395159269111,0.464959532097734,1.12365321480676
"5963",-11.6375789879366,-0.237582521823946,2.35118598550242
"5968",-8.20968124122088,0.698840656678997,0.598585638069987
"5993-BU",-6.94012140838954,-0.550245275850509,-0.724790168123721
"6001",-11.17468246168,0.289150864928109,-0.651787341646069
"6004",-11.5291621442724,-0.19413913400776,0.891009829338065
"6041",-10.9912058598754,-0.637498708864259,1.80393102405341
"6043-R",-12.3300534724761,0.0654694125657425,2.14685192800544
"6058",-9.51634584467448,-0.228882273433684,-1.00733237998328
"6062",-10.7462463026328,0.153085911712289,1.41008889879452
"6071",-11.7371035475841,0.309264310239299,2.79856605055582
"6073",-11.8829369408794,-0.0499691762600931,1.6208057149881
"6074",-11.9684800688522,0.803549446066084,2.97196525616269
"6076",-9.00146009341226,-0.715049035069094,3.47183276769292
"6101",-7.75187663814083,0.323948164900235,2.71947377207711
"6132",-11.5212905065651,-0.703040047877291,2.21100357196909
"6145",-11.9243396299211,-0.0868107937260045,0.090770130582295
"6147",-10.5855780632946,-0.0331997920647597,1.23582773269562
"6190",-11.8298797248211,-0.524781998164575,3.07402010847166
"6193",-11.5412352757343,-0.778034716016555,2.25631148304401
"62",-11.0280549077038,-0.519807516857059,0.784364205578807
"6231-R",-11.7825337235784,-0.62439293546183,2.15632660908138
"6240",-12.017855303543,-0.405633674218214,1.99562693189901
"6250",-10.5970042815214,0.328028412609704,0.188443938135335
"6274",-13.1400627815601,-0.0918890823499825,2.18623598436983
"6288-1-R",-11.4058268938124,-0.265160147054529,2.16057370835122
"6288-2",-13.2109819810949,-0.449400277217304,2.09276372409306
"6293",-11.5792900156241,-0.769895927930295,1.45350061738351
"6295-R",-13.0751407743128,1.02712639555196,1.15953351836469
"63",-12.6115444134267,0.0120449694042616,0.716921198416535
"6300",-10.4463304292721,0.00183526169266702,2.76150054473414
"6308",-10.9359439327319,-0.325478854887447,1.91274958199174
"6312",-12.2153042631383,0.383299453570193,0.885948766915367
"6331",-10.6316490628673,0.313174900924536,2.55052291807056
"6357",-12.5422008682399,-0.386322172577792,3.07405405442727
"6359",-12.2961404089492,0.540908789281352,2.13598126797583
"6379",-11.5583428396795,0.0596329992041729,1.25979319479494
"6411",-13.2228947345314,-0.201137238441334,2.66412081492496
"6412",-10.9908553515724,0.148626849625024,-0.0521668490499824
"6419",-12.1969279737918,-0.531399031179546,2.31430568469897
"6434",-11.9687315171534,-0.735188009245026,1.43486430657417
"6452",-9.15545625745793,-0.269222498605454,1.8242787424961
"6469",-12.377376843368,1.25050565713359,1.5263488900022
"6487-R",-10.8536942019352,-0.162136520159899,1.32649411597538
"70804",-10.1362390214333,0.0105981976235541,1.35464656982903
"70806",-11.0653044098,-0.965303392299053,2.22733495366926
"70809",-11.9784019092428,0.000103835541700533,1.31050602192973
"70835",-11.374750979422,0.586207487940065,1.10646752736533
"70885",-9.94077886826244,0.200861483102546,1.6708914291198
"70917",-12.0358288130876,0.0503585438141481,2.4236620402508
"70949",-7.45031968347718,-0.395497221076426,3.28651439742461
"70963",-9.891762300867,0.114186584601248,1.09023338917638
"70971",-10.0956440355118,-0.219143535388618,-1.05257239150266
"70984",-11.9342197123559,-0.627470825272758,3.1522156120235
"71018",-12.1963466757635,0.226030547184537,1.57896283419159
"71021",-11.7921099998572,-0.192812255233313,1.18440779395247
"71080",-12.0499770094417,0.249668396209333,2.16767804697461
"71082",-9.76080038732469,-0.0270887146948379,1.30395950988466
"71118",-11.4917377805139,-0.363758834937432,1.52696078387758
"71135",-12.8357230329634,0.512568895398462,2.20859496080637
"71192",-12.7700093505979,0.504268181971935,2.88095662012384
"71276",-10.2709095449631,0.559656044376818,3.81744781307205
"71288",-11.9502974997138,0.720397689704231,1.89003230099344
"71293",-11.359549500778,0.202686986178466,3.5023382289565
"71304",-12.0939285845363,0.184753914791591,3.01855933472059
"71308",-10.0493727721342,0.844846466768638,2.29318927950398
"71372",-9.63702053838205,0.219484727782697,2.9308601905324
"71393",-12.7688779045414,0.037017641730778,0.932410758007015
"71399",-11.5923845761142,0.0808401401164901,0.0819155846441337
"71421",-12.0461197537939,0.833492144387257,2.2813646976657
"71437",-12.1447843423417,0.483135912478262,3.10021976802809
"71533",-12.2202466031856,0.382700405468362,1.56618431901091
"71535",-13.5235402921504,-0.245987012915273,1.55910734631732
"71564",-11.3921131926506,-0.0462059786888294,1.81686168633832
"7402",-9.86278196793641,-0.390937761584399,3.90031510669813
"7403",-8.41151218933401,-0.385875177147188,4.2010519136946
"7404",-11.8727708218797,-0.299961572573813,4.03430726802428
"7405",-8.36850431925616,0.292380057635947,3.43864398050033
"7406",-8.1032762434112,-0.281912285395239,2.23569704595951
"7407",-12.2241503438368,0.0512373937524084,0.846845608053782
"7410",-10.423846869507,0.0292374824581584,3.18872624325935
"7411",-7.97285946201472,-0.49094460408946,4.046597552692
"7412",-11.7204591800404,-0.272373467634881,2.18259276819544
"7414",-12.2019207948933,0.0481708130752243,3.37358167533599
"7416",-11.1164666157095,0.423984391980935,1.0492279209259
"7422",-10.0228009874263,-0.0743121588754131,-1.65739130209194
"7424",-10.9450078180002,1.12184385733842,1.65689451980191
"7425",-7.82387722137089,-0.363431875006977,1.15771028645491
"7427",-9.90394202178503,-0.496105322553278,3.39744971928945
"7431",-11.5201272064589,-0.214711939333926,1.67950447750519
"7432",-11.924262626133,0.410728933419746,2.61145547203992
"7434",-10.6680637149667,0.349665901530722,0.843803550434513
"7435",-11.3065251929379,0.13346216353562,3.87830489048627
"7436",-9.71176025907979,-0.455155087676532,3.13238384772123
"7438",-9.61791444376725,0.0878392812362171,2.98406656814229
"7440",-11.3419287471162,0.552426721976079,2.09450526306289
"74401",19.5866327137518,-0.506434840630249,-3.01567508730012
"7443",-11.5296805614067,-0.727482219087141,3.68010119982362
"74445",22.1237139396553,-1.19462777434484,0.0159279098356515
"7447",-10.0891516624812,0.652302125448407,-6.01341116086204
"74475",23.1495476561515,-1.10079882287582,-0.706651323016283
"7449",-13.0739281975577,-0.435304335721372,1.54139112010778
"74499",21.9970311501799,-1.08138573384095,0.702139078490865
"74500",22.136006901079,0.941729096674283,-0.440103588450581
"74513",20.7523493388248,-1.52924303758981,-0.671047841872779
"7453",-10.7689858918385,0.104487060659657,-0.36950234907589
"7455",-10.6188383199263,-0.0545943230113494,0.376287737232205
"74576",21.6447186500556,-1.76109617830384,0.129036276017374
"7458",-12.9109100063579,0.420649380227194,2.87020115317758
"74583",22.1671051950539,0.297586658586681,-0.52308544436055
"7460",-7.90705077689852,-0.385021567326191,1.01847138694424
"74603",20.7839383523898,-1.14389171890818,-0.138600189604829
"76002",22.2892629693941,-1.88151314303713,-1.07397314031635
"76045",21.9073283646608,-1.37756948153202,0.71563330295541
"76083",21.2173228470177,-0.89993267259403,0.00620334122721977
"76119",18.7473051284265,-1.57222484877989,-0.117211250847483
"76158",22.2700302603432,-0.712794652796441,0.98181848465613
"76163",23.8953483408918,-2.13020973581276,0.266486504115
"76185",20.2064157298546,-0.504203019181641,-1.21857769215935
"76242",15.0482558618831,-1.13756776269226,2.48498592381956
"76334",22.0753906693472,-3.70220385135973,-0.59861075316514
"76411",21.7667889104135,-1.33207067451216,1.5175954775862
"76412",22.3173188782687,-3.11901430416741,-0.166478624912261
"76430",20.9521614447105,-1.80719681732548,1.17847400542336
"76431",21.5553059969336,-0.793225209805955,0.324113555084162
"76442",21.2274360875552,-1.57369979069229,-0.214032634050803
"76496",22.4926883145482,-1.86011775862098,0.122772444560158
"76541",22.2190115527699,-1.27973529101537,1.57238791138353
"76546",22.5087027085063,0.010918214133793,-0.351579799271413
"76584",23.2242894804514,-1.41795035963096,1.01613649475809
"76590",22.1464434468908,-0.373159073360033,0.278689670138312
"76591",21.2672895768953,2.26476788184992,0.0341748248939015
"76597",21.0283227564539,-1.02580423333061,-0.304789481820053
"76617",22.2592127101026,-1.95081933590985,0.513484666543593
"76622",22.4088869165957,-0.538817646098475,-0.488064305046583
"76655",20.4602861405149,-1.79255421922812,-0.0397457288118371
"76658",21.9700033864048,1.1491692007926,-0.277084413893213
"76669",20.7728225894311,-1.26828723482246,1.02361259987206
"76681",21.1299936587155,-0.802557273458137,0.567597779348613
"76692",21.9855972455,-0.547482157463651,-0.276485182666026
"80424",23.0270334124911,-1.51862892214437,-0.525885977666632
"80427",22.1475504895089,-1.77032534549772,-0.287401699187012
"80429",23.8562606061205,39.9582425122196,1.510333726729
"80433",21.7490580262966,-0.0680473308379725,0.895815532245634
"80437",21.9932301479679,-1.99639095828545,0.978688121809198
"80459",6.34486039053208,0.185915325550789,-9.89990168883952
"80466",14.2070484207583,0.460209419348827,-6.77340038749403
"80467",20.5850448579886,3.09069074657387,-2.67651392895447
"80468",22.857469563931,37.1021964509669,1.69153868846308
"80472",22.3975831579532,2.06505559383131,0.194765064618467
"80482",22.8840164713826,-0.120851669433589,0.460395307564464
"86",-10.2261257277641,-1.0924137496073,1.47666551102429
"93607",-11.487204685746,0.0187993300763727,0.683053276093797
"93615",-11.3879767342447,-0.343073811324062,1.20939110992051
"93616",-9.69508643539611,-0.524068243218007,2.12958260266771
"93632",-13.0532621413302,-0.100538125957739,1.12302248610423
"93663",-12.3001923613409,0.312319886502915,1.90819404639747
"93668",-11.1736768939967,-0.454638179537089,0.849201717456077
"93673",-11.3507814259801,-0.642929875512811,3.21287509647037
"93681",-13.4419794111305,-0.0993301322400745,2.97014143319435
"93685",-10.6592818636944,-0.67520462968891,-0.389111984592012
"93698",-7.78333540340067,-0.437674963175511,-0.0230869033267069
"93703",-13.1845665023999,0.284879939855689,0.689577951855343
"93710",-8.17339718079477,-0.205513880345812,3.51370376216607
"93716",-12.3231109905555,0.145916506116776,0.250373027876126
"93727",-11.8401406965293,0.322153248876207,1.71000866248598
"93729",-10.908703459732,0.105568272683621,1.26504029276967
"93738",-11.3837905518494,-0.0934006580513239,1.74156615425995
"93741",-12.6784923319327,0.70429646750749,2.15763430659149
"93742",-10.4490806610377,-0.221391485985469,0.236361833482729
"93753",-12.8061440695643,0.0548634075967029,0.676293158088101
"93756",-11.2293718068032,0.385298212443883,2.23828975491452
"93761",-11.483299766513,0.464226693719853,1.02338807232295
"93773",-11.7986612888186,0.726074993390178,1.15958149853661
"93778",-12.3630256209837,0.0290112331572907,0.689494240689661
"93793",-11.7234608758821,-0.467266278245548,0.0311082797123857
"93794",-12.8594835697237,0.469931364095447,1.08169296360558
"93813",-12.1767488816064,0.47075896064533,1.43877541284871
"93827",-10.4160321772093,0.0467851427231415,0.674262231821235
"93865",-11.1123452578821,0.22065144527883,0.463995483779587
"93869",-11.5918365794491,-0.535884264973958,2.64744115600582
"93871",-11.8252841223076,0.329947334070677,1.63568082448093
"93892",-11.4448250482952,0.0929005144651068,-2.38259797298171
"93895",-11.668592853045,0.0411156970713459,-0.699386748498107
"93903",-11.6646825681672,0.238900501959589,1.69508218426478
"93934",-11.1535565943586,-0.53942563014647,2.0187217917952
"93935",-11.0187384475335,0.533341978773252,0.917840679481349
"93960",-11.5647138510587,-0.786978215095895,1.70315894890438
"93968",-12.3038781141862,0.291816704879329,0.939081824230825
"93983",-10.8539892720387,0.431571061727332,0.613591070313276
"94012",-10.8631887797703,0.322998596973245,1.71520015889129
